{"cameraMode":{"drawMode":0,"name":"Shaded","section":"Shading Mode"},"sceneLighting":true,"audioPlay":false,"sceneViewState":{"showFog":true,"showMaterialUpdate":false,"showSkybox":true,"showFlares":true,"showImageEffects":true,"showParticleSystems":true},"in2DMode":false,"pivot":{"x":10.866230010986329,"y":0.34267616271972659,"z":7.088894367218018},"rotation":{"x":-0.29361146688461306,"y":0.1489086151123047,"z":-0.0463583841919899,"w":-0.9431169033050537},"size":7.198913097381592,"orthographic":false}