{"cameraMode":{"drawMode":0,"name":"Shaded","section":"Shading Mode"},"sceneLighting":true,"audioPlay":false,"sceneViewState":{"showFog":true,"showMaterialUpdate":false,"showSkybox":true,"showFlares":true,"showImageEffects":true,"showParticleSystems":true},"in2DMode":false,"pivot":{"x":5.78000020980835,"y":0.3999999761581421,"z":7.269999980926514},"rotation":{"x":-0.10353817045688629,"y":-0.04117157310247421,"z":0.004276081919670105,"w":-0.9937970638275147},"size":5.1538615226745609,"orthographic":false}